<?xml version="1.0" encoding="UTF-8" standalone="yes"?>
<addon id="webplay.REPO" name="[COLOR white]WEB[/COLOR][B][COLOR red]PLAY REPO[/COLOR][/B]" version="1.0.1" provider-name="[COLOR white] by [/COLOR] [COLOR red][B]ADELVAN[/B][/COLOR]">
    <extension point="xbmc.addon.repository" name="webPlay.REPO">
        <dir>
            <info compressed="false">https://raw.githubusercontent.com/webplay10/webplay.REPO/master/addons.xml</info>
		<checksum>https://raw.githubusercontent.com/webplay10/webplay.REPO/master/addons.xml.md5</checksum>
		<datadir zip="true">https://raw.githubusercontent.com/webplay10/webplay.REPO/master/repo</datadir>
        </dir>
    </extension>
    <extension point="xbmc.addon.metadata">
        <summary>[COLOR white]WEB[/COLOR][B][COLOR red]PLAY[/COLOR][/B]</summary>
        <description>COLOR red]l[/COLOR] FILMES [COLOR red]l[/COLOR] SERIES [COLOR red]l[/COLOR] KIDS [COLOR red]l[/COLOR] ANIMES [COLOR red]l[/COLOR] LANCAMENTOS [COLOR red]l[/COLOR] HD [COLOR red]l[/COLOR] FHD [COLOR red]l[/COLOR]
[COLOR red]l[/COLOR] O autor nao hospeda nem possui nenhum conteudo encontrado neste addon. O autor nao e responsavel pelo uso e pelo conteudo encontrado neste addon [COLOR red]l[/COLOR]

[COLOR red]l[/COLOR][B][COLOR white]WEB[/COLOR][COLOR red]PLAY [/B] [/COLOR][COLOR red]l[/COLOR] - O MELHOR DO CINEMA NO SEU KODI - 100% FHD [COLOR red]l[/COLOR]</description>
        <disclaimer>O autor nao e de forma alguma afiliado a Kodi, a Team Kodi ou a XBMC Foundation. Este e um recurso sem fins lucrativos, organizado exclusivamente para fins educacionais e protegido pela doutrina de uso justo da Lei de Direitos Autorais, especificamente a secao 107, que promove a liberdade de expressao, permitindo o uso nao licenciado de obras protegidas por direitos autorais</disclaimer>
           <website></website>
        <email>webplayads10@gmail.com</email>

        <news>[COLOR red]l[/COLOR] Atualizacao v1.0.1 [COLOR red]l[/COLOR]

[COLOR red]l[/COLOR] Adicionado Menu de Suporte [COLOR red]l[/COLOR]
[COLOR red]l[/COLOR] Em desenvovimento [COLOR red]l[/COLOR]
[COLOR red]l[/COLOR] Só Conteudos em FHD [COLOR red]l[/COLOR]

[B][COLOR red]l[/COLOR][COLOR white]WEB[/COLOR][COLOR red]PLAY[/COLOR][COLOR red]l[/COLOR][/B]
</news><platform>all</platform>
        <assets>
            <icon>icon.png</icon>
            <fanart>fanart.jpg</fanart>
            <screenshot>resources/screenshots/1.jpg</screenshot>
            <screenshot>resources/screenshots/2.jpg</screenshot>
            <screenshot>resources/screenshots/3.jpg</screenshot>
        </assets>
    </extension>
</addon>
