<?xml version="1.0" encoding="UTF-8" standalone="yes"?>
<addon id="webplay.REPO" name="WEB PLAY REPO" version="1.0.1" provider-name="by Adelvan">
    <extension point="xbmc.addon.repository" name="PrimePlay.py">
        <info compressed="false">https://raw.githubusercontent.com/webplay10/webplay.REPO/master/addons.xml</info>
		<checksum>https://raw.githubusercontent.com/webplay10/webplay.REPO/master/addons.xml.md5</checksum>
		<datadir zip="true">https://raw.githubusercontent.com/webplay10/webplay.REPO/master/repo</datadir>
    </extension>
    <extension point="xbmc.addon.metadata">
        <summary>WEB PLAY</summary>
        <description>Filmes, Series e Kids</description>
        <platform>all</platform>
    </extension>
</addon>

