<?xml version="1.0" encoding="UTF-8" standalone="yes"?>
<addon id="plugin.video.WEBPLAY"
       name="[COLOR white][B]WEB[/B][/COLOR] [COLOR red][B]PLAY[/B][/COLOR]"
       version="1.0"
       provider-name="by Adelvan">
  <requires>
    <import addon="xbmc.python" version="2.1.0"/>
    <import addon="script.module.beautifulsoup" version="3.2.1"/>
    <import addon="script.module.simple.downloader" version="0.9.4"/>
    <import addon="script.module.beautifulsoup4" />
    <import addon="script.module.requests" />
    <import addon="script.module.httplib2" />
    <import addon="script.module.liveresolver" version="0.1.24" optional="true"/>
    <import addon="script.module.youtube.dl" optional="true"/>
    <import addon="plugin.video.youtube" optional="true" />
	<import addon="plugin.video.SportsDevil" optional="true" />
    <import addon="script.module.urlresolver" optional="true"/>
    <import addon="script.module.simplejson" />    
     <import addon="script.module.livestreamer" optional="true"/>
     <import addon="script.module.pyamf" optional="true"/>
  </requires>
  <extension point="xbmc.python.pluginsource" library="default.py">
    <provides>video</provides>
  </extension>
  
  	
  <extension point="xbmc.addon.metadata">
    <summary> O desenvolvedor desse Addon não é afiliado com KodiXMBC Fundation e 
não se responsabiliza pelo conteúdo encontrado aqui nem o mau uso do mesmo. 
Nosso app funciona como um agregador de links e apenas organizamos os mesmos, 
bem como as sinopses, títulos e outros! </summary>
    <description>
        "Tentamos levar os melhores Conteúdos gratuitamente para toda a sua familia!"
             
    </description>
    <platform>all</platform>
  </extension>
</addon>